rank,id,Player,Team,Position,Floor,Mean,Ceiling,SD,Risk,VOR,Drop Off,Tier,ADP,AAV,injury_status,pos_rank
1,2560955,Josh Allen,BUF,QB,369,387,409,14.8,2.81,192,27.6,1,15,36.4,NA,1
2,2558125,Patrick Mahomes,KC,QB,337,360,386,24.1,4.29,165,22.6,2,25.4,27.2,NA,2
3,2565045,Justin Herbert,LAC,QB,326,337,359,7.7,2.6,142,5.92,2,28.6,27.2,NA,3
4,2560757,Lamar Jackson,BAL,QB,303,331,355,25.9,4.44,136,8.26,2,40.5,23,NA,4
5,2562382,Kyler Murray,ARI,QB,299,323,352,15.8,3.46,128,1.18,2,49.9,18.6,NA,5
6,2504211,Tom Brady,TB,QB,301,322,331,4.6,2.51,127,1.55,2,64.2,14.5,NA,6
7,2564832,Jalen Hurts,PHI,QB,299,320,345,23.9,4.41,125,0.313,2,55,16.8,NA,7
8,2506363,Aaron Rodgers,GB,QB,301,320,339,25.7,4.55,125,1.64,2,63.4,14.4,NA,8
9,2555260,Dak Prescott,DAL,QB,297,318,343,16.2,3.61,123,14.5,3,59.2,17.1,NA,9
10,2532975,Russell Wilson,DEN,QB,280,304,330,21.7,4.21,109,3.27,3,74.8,17.1,NA,10
11,2564148,Jonathan Taylor,IND,RB,251,304,340,19.3,3.36,102,24.7,1,1.48,55.8,NA,1
12,2563722,Joe Burrow,CIN,QB,278,300,332,23,4.27,105,0.215,3,49.3,21.9,Q,11
13,79860,Matthew Stafford,LAR,QB,268,300,324,33.4,5.19,105,12.5,4,72.3,14.1,Q,12
14,2532820,Kirk Cousins,MIN,QB,271,288,301,12.5,3.01,92.5,4.79,4,95.6,11.7,NA,13
15,2566532,Trey Lance,SF,QB,222,283,314,39.7,6.16,87.7,5.04,4,96.4,11.9,NA,14
16,2556075,Derrick Henry,TEN,RB,240,279,332,34.1,5.2,77.3,28.2,2,6.37,48,NA,2
17,2543499,Derek Carr,LVR,QB,258,278,304,19.7,3.98,82.7,13.9,5,101,13.1,NA,15
18,2532956,Ryan Tannehill,TEN,QB,243,264,288,21.2,4.93,68.8,6.88,5,140,6.74,NA,16
19,2564499,Tua Tagovailoa,MIA,QB,241,257,275,14.5,3.55,62,10.3,6,122,9.44,NA,17
20,2559169,Austin Ekeler,LAC,RB,235,251,274,9.86,2.33,49.1,5.01,2,4.88,48.2,NA,3
21,2552033,Jameis Winston,NO,QB,183,247,271,16.2,4.22,51.7,1.57,6,141,7.2,Q,18
22,2557997,Christian McCaffrey,CAR,RB,221,246,301,19.7,3.52,44.1,7.8,3,10.4,50.2,NA,4
23,2566163,Trevor Lawrence,JAC,QB,204,245,267,12.2,3.65,50.1,1.68,6,129,10.1,NA,19
24,310,Matt Ryan,IND,QB,227,243,261,13.7,3.81,48.4,4.01,6,132,8.99,NA,20
25,2565920,Justin Fields,CHI,QB,197,239,283,40.4,6.64,44.4,1.37,6,130,8.56,NA,21
26,2557898,Cooper Kupp,LAR,WR,220,239,275,12.6,2.93,69.6,26.7,1,5.27,46.5,NA,1
27,2562299,Daniel Jones,NYG,QB,202,238,282,28,5.81,43,4.11,6,141,9.5,NA,22
28,2557991,Dalvin Cook,MIN,RB,208,238,263,23.1,3.95,36.3,5.39,3,8.37,46.7,NA,5
29,2555259,Carson Wentz,WAS,QB,202,234,259,24.2,4.97,38.9,3.75,6,145,6.77,NA,23
30,2557976,Joe Mixon,CIN,RB,213,233,254,17.7,3.31,30.9,8.74,4,14,43.2,NA,6
31,2566334,Mac Jones,NE,QB,198,230,260,22.8,4.83,35.2,7.99,7,138,7.21,NA,24
32,2566448,Najee Harris,PIT,RB,200,224,260,19.5,3.76,22.1,0.786,4,8.86,43.3,NA,7
33,2561021,Nick Chubb,CLE,RB,178,223,258,44.3,6.57,21.3,16.2,5,22.2,36,NA,8
34,2555334,Jared Goff,DET,QB,193,222,250,19.5,5.22,27.2,0.55,7,143,5.96,NA,25
35,2566391,Zach Wilson,NYJ,QB,204,222,236,12.2,3.84,26.6,11,7,146,6.07,NA,26
36,2564556,Justin Jefferson,MIN,WR,200,213,235,9.67,2.34,42.9,2.59,1,10.9,45.3,NA,2
37,2566136,Davis Mills,HOU,QB,179,211,238,31.3,6.84,15.7,7.93,8,156,7.89,NA,27
38,2562721,Deebo Samuel,SF,WR,185,210,231,20.4,4.58,40.3,2.87,1,20.7,30.2,NA,3
39,2558019,Alvin Kamara,NO,RB,157,207,239,31.9,6.15,5.11,5.11,5,20.3,34,NA,9
40,2565941,Ja'Marr Chase,CIN,WR,196,207,241,8.58,2.17,37.5,9.95,2,13.6,44,NA,4
41,2552466,Marcus Mariota,ATL,QB,162,203,253,38.1,7.57,7.73,4.36,8,135,7.26,NA,28
42,2557973,Leonard Fournette,TB,RB,176,202,229,30.2,5.45,0,0.312,5,26,33,NA,10
43,2557978,James Conner,ARI,RB,177,202,217,13.6,3.82,-0.312,1.39,5,32.6,25.3,NA,11
44,2560968,Saquon Barkley,NYG,RB,171,200,237,28.7,5.46,-1.7,2.58,5,32.9,34.9,NA,12
45,2560800,Baker Mayfield,CAR,QB,151,198,239,42.8,9.91,3.37,3.37,8,157,7.26,NA,29
46,2566049,Javonte Williams,DEN,RB,178,198,232,14.1,3.61,-4.29,0.14,5,23,34.5,NA,13
47,2562502,David Montgomery,CHI,RB,176,197,214,19.2,4.31,-4.43,1.5,5,33.9,23.1,NA,14
48,2543495,Davante Adams,LVR,WR,174,197,220,22.7,4.81,27.5,11.5,3,21.8,40.2,NA,5
49,2558116,Aaron Jones,GB,RB,172,196,226,25.7,4.89,-5.92,0.97,6,22.5,32.2,NA,15
50,2558063,Deshaun Watson,CLE,QB,125,195,274,47.8,11.2,0,36.2,9,115,8.65,NA,30
51,2564319,Cam Akers,LAR,RB,167,195,227,23.9,5.17,-6.89,0.183,6,46.6,24,NA,16
52,2555224,Ezekiel Elliott,DAL,RB,161,195,223,23.9,4.92,-7.07,3.42,6,37.1,30.7,NA,17
53,2563965,D'Andre Swift,DET,RB,166,191,237,22,4.43,-10.5,4.29,6,19.8,35.4,NA,18
54,2565276,Antonio Gibson,WAS,RB,171,187,211,17.1,4.31,-14.8,1.55,6,35.8,20.4,Q,19
55,2566538,Elijah Mitchell,SF,RB,177,186,206,8.09,3.07,-16.3,1.44,6,49.5,14.5,Q,20
56,2543468,Mike Evans,TB,WR,170,186,198,4.98,1.7,16,2.52,3,27.6,28.5,NA,6
57,2562377,Josh Jacobs,LVR,RB,171,184,209,9.47,3.3,-17.8,11.9,7,45.9,20.5,Q,21
58,2552608,Stefon Diggs,BUF,WR,163,183,198,9.3,2.37,13.4,2.26,3,21,35.7,NA,7
59,2563848,CeeDee Lamb,DAL,WR,150,181,202,11.4,2.87,11.2,4.55,3,21.9,32.9,Q,8
60,2540258,Travis Kelce,KC,TE,166,181,196,11.2,3.04,121,13.9,1,15.2,34.6,NA,1
61,2556214,Tyreek Hill,MIA,WR,162,176,195,13.8,3.37,6.64,6.64,4,30.2,30.8,NA,9
62,2563548,J.K. Dobbins,BAL,RB,147,172,210,14.8,3.89,-29.6,3.78,7,44.8,18.5,Q,22
63,2562238,A.J. Brown,PHI,WR,147,170,195,21.5,4.84,0,8.28,5,36.6,21.5,NA,10
64,2568030,Breece Hall,NYJ,RB,145,168,189,19.6,5.56,-33.4,1.92,7,53.3,31.2,NA,23
65,2562281,Damien Harris,NE,RB,147,167,190,11.7,3.54,-35.3,0.572,7,59.3,10.8,NA,24
66,2560957,Mark Andrews,BAL,TE,163,167,194,4.37,1.43,107,32.8,2,22.6,29.5,NA,2
67,2566157,Travis Etienne,JAC,RB,144,166,187,22.5,4.81,-35.9,7.04,8,56.4,18.3,NA,25
68,2563731,Tee Higgins,CIN,WR,152,161,177,9.43,2.66,-8.28,4.94,5,36.1,21.3,Q,11
69,2558008,Mitchell Trubisky,PIT,QB,110,159,200,44.2,8.34,-36.2,72.9,10,164,6.87,NA,31
70,2562722,Miles Sanders,PHI,RB,150,159,183,9.25,3.15,-42.9,1.26,8,72.2,13.1,NA,26
71,2562734,Devin Singletary,BUF,RB,138,158,185,13.3,3.83,-44.2,6.62,8,80.7,13,NA,27
72,2536340,Justin Tucker,BAL,K,147,157,169,8.28,4.47,0,3.25,1,138,3.75,NA,1
73,2558846,Mike Williams,LAC,WR,149,156,173,5.25,2.71,-13.2,0.574,5,61.2,12.2,NA,12
74,2562685,DK Metcalf,SEA,WR,149,156,168,6.61,2.9,-13.8,1.06,5,47,14.8,Q,13
75,2540154,Keenan Allen,LAC,WR,142,155,170,8.47,2.73,-14.9,0.713,5,39.6,25.2,NA,14
76,2564136,Michael Pittman,IND,WR,145,154,168,10.7,3.34,-15.6,0.954,5,50.1,20.5,NA,15
77,2560993,Daniel Carlson,LVR,K,140,154,167,3.33,3.63,-3.25,3.42,1,144,2.38,NA,2
78,2560813,D.J. Moore,CAR,WR,133,153,164,11.1,3.31,-16.5,2.82,5,61.9,17,NA,16
79,2540145,Cordarrelle Patterson,ATL,RB,137,151,173,7.79,3.61,-50.8,3.25,8,88.1,8.76,Q,28
80,2562271,Matt Gay,LAR,K,136,151,160,6.23,4.88,-6.67,0.0458,1,147,2.03,NA,3
81,2558245,Harrison Butker,KC,K,141,151,156,4.03,3.67,-6.71,2.52,1,155,2.81,NA,4
82,2543498,Brandin Cooks,HOU,WR,139,150,163,9.89,3.44,-19.3,0.196,5,73.4,10.9,NA,17
83,2562674,Diontae Johnson,PIT,WR,142,150,160,6.97,2.7,-19.5,3,6,48.2,16.1,NA,18
84,2563986,AJ Dillon,GB,RB,136,148,181,14,3.62,-54.1,1.84,8,67.2,12.2,NA,29
85,2563596,Tyler Bass,BUF,K,129,148,160,9.59,5.54,-9.23,2.25,2,145,2.17,NA,5
86,2563602,Gabriel Davis,BUF,WR,127,147,165,17.8,5.45,-22.5,0.506,6,81.4,8.23,NA,19
87,2562489,Terry McLaurin,WAS,WR,128,147,172,11.6,3.29,-23,0.529,6,57.9,14.7,NA,20
88,2560835,Rashaad Penny,SEA,RB,121,146,208,11.2,3.69,-55.9,1.2,9,80.5,9.46,NA,30
89,2552487,Amari Cooper,CLE,WR,129,146,171,19.3,5.28,-23.6,0.689,6,64.2,14.6,NA,21
90,2561534,Greg Joseph,MIN,K,133,146,154,4.99,6.99,-11.5,0.477,2,183,1.44,NA,6
91,2507225,Nick Folk,NE,K,133,146,151,4.24,5.5,-12,0.323,2,165,1.57,NA,7
92,2564271,Clyde Edwards-Helaire,KC,RB,95.4,145,174,15.6,3.95,-57.1,5.66,9,75.7,12.3,NA,31
93,2552430,Tyler Lockett,SEA,WR,121,145,176,21.8,5.9,-24.3,1.11,6,93.6,6.48,NA,22
94,2506677,Matt Prater,ARI,K,133,145,154,7.99,4.08,-12.3,0.847,2,164,1.64,NA,8
95,2566292,Jaylen Waddle,MIA,WR,126,144,157,9.14,3.14,-25.4,3.36,6,46.4,16.6,NA,23
96,2541556,Brandon McManus,DEN,K,132,144,154,9.5,5.03,-13.1,0.427,2,176,1.68,NA,9
97,2550545,Chris Boswell,PIT,K,135,144,152,6.75,5.05,-13.6,3.78,3,144,1.64,NA,10
98,2563896,Jerry Jeudy,DEN,WR,109,141,153,8.06,3.2,-28.7,0.212,6,79.4,9.01,NA,24
99,2541785,Adam Thielen,MIN,WR,123,141,170,22.1,5.95,-28.9,1.17,6,72.9,10.8,NA,25
100,100003,Bills,BUF,DST,122,141,165,15.4,2.87,0,14.3,1,144,2.49,NA,1
101,2560888,Courtland Sutton,DEN,WR,98.3,140,168,16.8,4.8,-30.1,0.345,6,78.6,12.8,NA,26
102,2507232,Mason Crosby,GB,K,118,140,150,7.51,5.29,-17.3,0.215,3,150,1.92,Q,11
103,89802,Ryan Succop,TB,K,137,140,142,2.55,2.4,-17.5,1.11,3,174,1.6,NA,12
104,2557917,Kareem Hunt,CLE,RB,111,139,162,9.12,3.01,-62.8,0.702,9,81.9,11.6,NA,32
105,2563707,Darnell Mooney,CHI,WR,126,139,161,9.96,3.46,-30.5,1.41,6,83.7,10.2,NA,27
106,2564106,Rodrigo Blankenship,IND,K,120,139,150,8.25,4.23,-18.7,0.31,3,176,1.56,NA,13
107,2539227,Dustin Hopkins,LAC,K,126,139,146,4.46,4.32,-19,1.53,3,182,1.73,NA,14
108,2562699,Tony Pollard,DAL,RB,129,138,154,8.15,3.01,-63.5,4.06,9,89,9.1,NA,33
109,2556370,Michael Thomas,NO,WR,119,138,151,9.35,5.03,-31.9,1.17,7,87.2,14.5,Q,28
110,2543509,Allen Robinson,LAR,WR,102,137,148,12.1,4.39,-33,1.33,7,81.8,11.5,NA,29
111,2506264,Robbie Gould,SF,K,126,137,146,8.37,5.1,-20.5,0.458,3,144,1.71,NA,15
112,2561153,Jason Sanders,MIA,K,131,137,144,5.68,4.38,-21,1.16,3,178,1.37,NA,16
113,2558105,Chris Godwin,TB,WR,116,135,160,19.3,6.83,-34.4,0.528,7,66.3,10.7,Q,30
114,2566073,Amon-Ra St. Brown,DET,WR,120,135,157,10.3,3.83,-34.9,2.01,7,91,8.85,NA,31
115,2559205,Younghoe Koo,ATL,K,126,135,146,10.7,7.96,-22.1,1.36,3,158,1.58,NA,17
116,2552469,Melvin Gordon,DEN,RB,121,134,162,12.9,3.43,-67.5,5.81,10,87.9,9.5,NA,34
117,2552408,Darren Waller,LVR,TE,114,134,158,16.5,4.9,74.1,4.24,2,49.2,15.6,NA,3
118,2558172,Jake Elliott,PHI,K,110,134,146,9.32,5.1,-23.5,1.34,4,182,2.28,NA,18
119,2562379,Marquise Brown,ARI,WR,111,133,152,12.5,4.31,-36.9,7.17,7,77.5,9.64,NA,32
120,2556601,Wil Lutz,NO,K,117,133,150,19.1,9.86,-24.8,1.38,4,159,1.34,NA,19
121,71309,Graham Gano,NYG,K,126,131,138,4.24,4.2,-26.2,2.4,4,NA,4.08,NA,20
122,2558266,George Kittle,SF,TE,118,130,156,10.9,3.71,69.8,2.53,2,42.4,17.3,Q,4
123,2533444,Randy Bullock,TEN,K,118,129,138,6.56,6.31,-28.6,2.22,5,NA,NA,NA,21
124,2566343,Rhamondre Stevenson,NE,RB,100,128,137,9.96,3.41,-73.4,1.87,10,109,4.82,NA,35
125,2565830,Kyle Pitts,ATL,TE,111,128,160,17.6,5.61,67.3,8,3,45.6,23.1,NA,5
126,2560711,Chase Edmonds,MIA,RB,120,127,148,6.13,3,-75.2,3.7,10,99.7,8.57,NA,36
127,2550636,Cairo Santos,CHI,K,120,127,132,4.49,5.04,-30.8,2.64,5,NA,1.82,NA,22
128,100008,Cowboys,DAL,DST,120,127,146,8.28,3.3,-14.3,0.51,1,172,1.73,NA,2
129,2566385,Elijah Moore,NYJ,WR,98.7,126,146,11.9,4.47,-44.1,1.05,8,85.2,7.74,NA,33
130,100022,Saints,NO,DST,114,126,138,4.59,1.8,-14.8,0.0065,1,180,1.23,NA,3
131,100011,Packers,GB,DST,107,126,131,3.33,1.84,-14.8,2.26,2,193,1.25,NA,4
132,2558149,JuJu Smith-Schuster,KC,WR,108,125,150,5.98,3.62,-45.1,0.589,8,93.1,10.7,NA,34
133,2540169,Robert Woods,TEN,WR,102,124,151,15.6,5.69,-45.7,0.197,8,108,7.38,Q,35
134,2565836,Rashod Bateman,BAL,WR,105,124,141,8.52,3.96,-45.9,0.84,8,98.7,9.28,NA,36
135,2558178,Zane Gonzalez,CAR,K,112,124,134,10.8,5.61,-33.4,2.83,5,NA,NA,NA,23
136,100017,Rams,LAR,DST,107,124,137,15.6,5.58,-17,0.132,2,168,1.81,NA,5
137,100031,Buccaneers,TB,DST,108,124,136,5.48,0.598,-17.2,0.11,2,145,2.26,NA,6
138,100019,Dolphins,MIA,DST,95.9,124,144,3.97,1.91,-17.3,0.68,2,183,2.13,NA,7
139,2564223,James Robinson,JAC,RB,85.7,123,157,23.2,6.69,-78.9,1.46,10,109,5.34,Q,37
140,2566409,DeVonta Smith,PHI,WR,98.4,123,148,26.1,6.5,-46.7,0.632,8,93.3,5.53,NA,37
141,100029,49ers,SF,DST,103,123,140,15,4.41,-18,2.8,3,159,1.69,NA,8
142,2562712,Hunter Renfrow,LVR,WR,113,122,146,8.74,4.08,-47.4,0.269,8,91.8,7.5,NA,38
143,2564970,Chase Claypool,PIT,WR,103,122,144,15.9,5.06,-47.6,2.87,8,120,4.23,NA,39
144,2568282,Kenneth Walker III,SEA,RB,101,121,144,25.6,6.69,-80.4,18.3,11,75.1,18.6,Q,38
145,2560842,Eddy Pineiro,NYJ,K,58.6,121,128,5.76,4.21,-36.3,0.305,5,NA,NA,NA,24
146,2556521,Kaimi Fairbairn,HOU,K,106,121,138,12.2,8.43,-36.6,2.04,6,NA,NA,NA,25
147,2560866,Dalton Schultz,DAL,TE,104,120,140,10.1,4.63,59.3,5.66,4,69.5,10.8,NA,6
148,100007,Browns,CLE,DST,98.5,120,136,15.2,5.32,-20.8,0.972,4,198,1.18,NA,9
149,2565093,Brandon Aiyuk,SF,WR,96.6,119,143,19,5.49,-50.5,0.377,8,107,4.35,NA,40
150,2560735,Michael Gallup,DAL,WR,80.3,119,152,25.6,8.53,-50.9,0.257,8,119,5.51,Q,41
151,2560781,Christian Kirk,JAC,WR,110,119,138,7.39,3.3,-51.2,2.48,8,119,6.75,NA,42
152,2553112,Jason Myers,SEA,K,56,119,133,9.97,7.29,-38.6,4.2,6,NA,NA,NA,26
153,100027,Steelers,PIT,DST,103,119,142,13.9,5.35,-21.7,1.53,5,191,1.55,NA,10
154,100021,Patriots,NE,DST,103,118,132,13.6,4.08,-23.3,0.296,5,180,1.5,NA,11
155,100014,Colts,IND,DST,96.3,117,126,5.19,2.3,-23.6,4.4,6,155,2.03,NA,12
156,2552409,DeVante Parker,NE,WR,99,116,135,11.4,5.73,-53.6,0.395,8,144,4.21,NA,43
157,2567643,Treylon Burks,TEN,WR,52.4,116,146,14.8,6.67,-54,0.43,8,109,13,Q,44
158,2567250,Drake London,ATL,WR,96.4,115,140,14.7,7.42,-54.5,0.852,8,88.4,19.1,NA,45
159,2534797,Greg Zuerlein,NYJ,K,106,115,124,1.8,6.31,-42.8,20.3,7,126,1.86,NA,27
160,2560787,Allen Lazard,GB,WR,84.6,114,143,20.5,8.01,-55.3,2.22,8,110,7.59,NA,46
161,2560995,Dallas Goedert,PHI,TE,99.9,114,128,13.2,4.53,53.6,13.1,5,73.4,7.61,NA,7
162,100012,Titans,TEN,DST,99.2,113,126,17.5,5.94,-28,1.92,7,NA,1,NA,13
163,2561061,Russell Gage,TB,WR,102,112,127,10.3,4.94,-57.5,2.55,9,118,6.54,NA,47
164,100006,Bengals,CIN,DST,95,111,135,15.4,7.15,-29.9,0.53,7,207,NA,NA,14
165,100028,Chargers,LAC,DST,100,111,129,10.7,3.9,-30.4,2.18,8,188,1.28,NA,15
166,2540165,DeAndre Hopkins,ARI,WR,91.7,110,130,9.91,4.76,-60.1,0.364,9,82,12.2,S,48
167,2558985,Tim Patrick,DEN,WR,87,109,135,24.2,8.86,-60.4,3.16,9,132,3.22,NA,49
168,100020,Vikings,MIN,DST,76.8,108,131,22.4,7.55,-32.6,0.973,9,203,1.2,NA,16
169,100002,Ravens,BAL,DST,91.5,107,136,21.3,8.14,-33.6,0.82,9,204,1.14,NA,17
170,100009,Broncos,DEN,DST,79.5,107,129,20.5,5.56,-34.4,0.665,10,175,1.31,NA,18
171,2561018,D.J. Chark,DET,WR,71.6,106,148,36.5,9.92,-63.6,1.16,9,137,3.36,NA,50
172,100025,Eagles,PHI,DST,83.3,106,121,17.5,5.18,-35,0.935,10,199,1,NA,19
173,2555466,Tyler Boyd,CIN,WR,95.8,105,124,6.6,3.68,-64.8,0.0553,9,144,4.67,NA,51
174,2560907,Marquez Valdes-Scantling,KC,WR,78,105,127,22.2,7.47,-64.8,0.385,9,124,4.21,NA,52
175,100005,Bears,CHI,DST,88.9,105,115,13.5,6.87,-36,0.589,11,224,NA,NA,20
176,2532884,Marvin Jones,JAC,WR,80.9,104,128,13.3,5.68,-65.2,1.35,9,160,4.43,NA,53
177,100032,Redskins,WAS,DST,84,104,124,11.2,5.9,-36.6,0.589,11,NA,NA,NA,21
178,100026,Cardinals,ARI,DST,91.1,104,116,14.6,5.18,-37.2,0.66,12,NA,1,NA,22
179,2566382,Michael Carter,NYJ,RB,82.4,103,129,11.7,4.12,-98.6,2.48,11,111,2.74,NA,39
180,2567637,Christian Watson,GB,WR,83.9,103,124,19.5,8.41,-66.6,0.072,9,114,9.99,NA,54
181,2566376,Kadarius Toney,NYG,WR,52.7,103,129,19.1,6.26,-66.6,0.165,9,127,3.35,Q,55
182,2558052,Kenny Golladay,NYG,WR,68.2,103,133,19.1,6.65,-66.8,0.19,9,147,4.62,NA,56
183,2543488,Jarvis Landry,NO,WR,91.2,103,118,5.02,3.71,-67,1.29,9,139,4.46,NA,57
184,100016,Chiefs,KC,DST,80.2,103,116,11.3,5.31,-37.8,2.27,13,187,1.08,NA,23
185,2560770,Ronald Jones,KC,RB,69.1,101,112,8.87,3.53,-101,0.185,11,117,4.63,NA,40
186,2553728,Raheem Mostert,MIA,RB,74,101,112,9.94,4.45,-101,0.782,11,133,2.88,Q,41
187,2562492,Jakobi Meyers,NE,WR,82.5,101,119,12.6,4.73,-68.3,0.56,9,137,3.04,Q,58
188,2495454,Julio Jones,FA,WR,83.9,101,118,27.9,9.77,-68.8,1.92,10,189,2.45,NA,59
189,2562378,T.J. Hockenson,DET,TE,92.2,101,124,3.05,2.2,40.5,2.36,5,74.1,9.6,NA,8
190,100030,Seahawks,SEA,DST,78.3,101,123,21.1,8.69,-40.1,0.72,14,NA,NA,NA,24
191,100004,Panthers,CAR,DST,90.4,100,112,11.5,5.68,-40.8,7.05,15,NA,NA,NA,25
192,2558123,Marlon Mack,HOU,RB,75.3,99.8,158,19.8,6.55,-102,1.69,11,131,6.07,NA,42
193,2562580,Mecole Hardman,KC,WR,71.6,98.9,147,19.4,7.02,-70.8,0.217,10,146,3.19,NA,60
194,2557848,Corey Davis,NYJ,WR,73.7,98.7,131,21.5,6.87,-71,0.421,10,158,4.2,NA,61
195,2562681,Dawson Knox,BUF,TE,93.7,98.5,117,3.98,3.1,38.2,1.74,5,81.6,6.12,NA,9
196,2567973,Chris Olave,NO,WR,52.3,98.3,134,13.5,6.73,-71.4,1.02,10,94.8,12.1,NA,62
197,2558204,Jamaal Williams,DET,RB,85.6,98.1,112,4.97,3.39,-104,5.13,12,140,3.23,NA,43
198,2568048,Garrett Wilson,NYJ,WR,53.7,97.3,129,23.1,8.22,-72.4,4.58,10,110,12.1,NA,63
199,2540158,Zach Ertz,ARI,TE,79.2,96.7,110,10.6,4.69,36.4,0.394,5,99.8,6.64,NA,10
200,2555341,Hunter Henry,NE,TE,82.6,96.3,113,10.2,4.25,36,1.71,6,134,3.86,Q,11
201,2562383,Noah Fant,SEA,TE,78.5,94.6,106,10.2,4.6,34.3,1.4,6,139,3.6,NA,12
202,2562729,Austin Seibert,DET,K,24.2,94.4,121,8.52,4.3,-63.1,74.1,8,NA,NA,NA,28
203,2560994,Mike Gesicki,MIA,TE,76.7,93.2,106,14.9,5.31,32.9,3.55,6,114,5.53,NA,13
204,100023,Giants,NYG,DST,82.6,93.1,106,8.81,5.14,-47.9,4.44,16,NA,NA,NA,26
205,2562574,Darrell Henderson,LAR,RB,68.5,92.9,107,10.7,3.82,-109,0.681,12,121,4.38,NA,44
206,2563803,Donovan Peoples-Jones,CLE,WR,69,92.7,113,20,7.17,-77,NA,NA,198,1.46,NA,64
207,2561324,Gus Edwards,BAL,RB,80.1,92.3,117,14.7,5.62,-110,1.09,12,146,3.65,Q,45
208,2567685,Dameon Pierce,HOU,RB,26.3,91.2,140,47.6,10.6,-111,0.265,12,86.2,7.44,NA,46
209,2567328,James Cook,BUF,RB,66.5,90.9,111,8.66,6.09,-111,0.98,12,95,12.7,NA,47
210,2562682,Alexander Mattison,MIN,RB,83.2,89.9,98.1,3.64,2.56,-112,0.143,12,120,4.19,NA,48
211,2566397,Kenneth Gainwell,PHI,RB,64.9,89.8,108,18.9,5.55,-112,2.72,12,124,2.32,NA,49
212,2557986,David Njoku,CLE,TE,71.1,89.7,105,22.9,8.23,29.4,1.84,6,149,2.96,NA,14
213,100001,Falcons,ATL,DST,76.1,88.7,99.2,8.62,4.47,-52.3,3.87,17,NA,NA,NA,27
214,2555364,Tyler Higbee,LAR,TE,79.4,87.8,96.7,4.45,2.97,27.5,0.724,6,163,3.03,Q,15
215,2495466,Mark Ingram,NO,RB,47.9,87.1,124,18.6,6.88,-115,5.82,12,139,3.8,NA,50
216,2563911,Albert Okwuegbunam,DEN,TE,60.8,87.1,95.6,7.54,4.3,26.8,0.802,6,142,4.75,NA,16
217,2566442,Pat Freiermuth,PIT,TE,80.3,86.3,112,6.81,3.5,26,1.18,7,92.9,5.38,NA,17
218,2543801,Jimmy Garoppolo,SF,QB,14.5,85.9,212,8.71,5.19,-109,NA,NA,NA,4.03,Q,32
219,2563704,Cole Kmet,CHI,TE,65.5,85.1,101,9.27,4.52,24.8,0.325,7,136,3.77,NA,18
220,2543767,Logan Thomas,WAS,TE,77.4,84.8,106,6.65,4.76,24.5,0.569,7,159,2.41,Q,19
221,100015,Jaguars,JAC,DST,68.4,84.8,109,7.74,6.03,-56.2,0.697,18,NA,NA,NA,28
222,2557889,Gerald Everett,LAC,TE,69.5,84.2,104,13,5.5,23.9,0.00625,7,147,2.84,NA,20
223,2562738,Irv Smith Jr.,MIN,TE,78.5,84.2,92.5,5.63,2.6,23.9,3.73,7,130,7.08,NA,21
224,100018,Raiders,LVR,DST,65.3,84.1,120,14.6,6.89,-56.9,0.968,18,NA,NA,NA,29
225,100013,Texans,HOU,DST,65.9,83.1,95.9,12.1,3.75,-57.8,1.73,19,NA,NA,NA,30
226,100010,Lions,DET,DST,45.6,81.4,103,18.2,5.17,-59.6,3.82,20,NA,NA,NA,31
227,2560935,Darrel Williams,ARI,RB,54.3,81.2,118,25,6.86,-121,6.02,13,140,3.74,NA,51
228,2559270,Robert Tonyan,GB,TE,68.3,80.5,102,5.34,3.96,20.2,7.42,8,148,2.9,Q,22
229,100024,Jets,NYJ,DST,50.7,77.6,93.1,17,8.14,-63.4,NA,NA,NA,NA,NA,32
230,2567232,Tyler Allgeier,ATL,RB,36.7,75.2,120,21.2,7.95,-127,1.83,13,104,5.38,NA,52
231,2539265,Rex Burkhead,HOU,RB,62.1,73.4,120,8.78,6.22,-128,1.55,13,166,1.58,NA,53
232,2560747,Hayden Hurst,CIN,TE,57.9,73.1,89.4,11.8,6.64,12.8,0.66,8,150,2.92,NA,23
233,2557858,Evan Engram,JAC,TE,62,72.4,90.2,8.7,5.08,12.1,0.637,8,157,3.42,NA,24
234,2558865,Chris Carson,SEA,RB,25.1,71.9,115,41.6,11.1,-130,1.66,13,134,3.22,Q,54
235,2555415,Austin Hooper,TEN,TE,56.5,71.8,85.9,12.3,5.77,11.5,0.165,8,138,2.72,NA,25
236,2550656,Cameron Brate,TB,TE,57.6,71.6,107,12.6,9.02,11.3,5.34,8,140,3.12,NA,26
237,2568189,Isaiah Spiller,LAC,RB,56.6,70.2,81.4,4.41,4.61,-132,4.19,13,94.3,5.87,NA,55
238,497240,Rob Gronkowski,FA,TE,41.4,66.3,107,24.5,11.5,5.99,5.16,9,140,2.2,NA,27
239,2568348,Brian Robinson,WAS,RB,53.5,66,76.1,9.26,6.04,-136,1.32,13,100,5.14,NA,56
240,2560809,Sony Michel,MIA,RB,38.1,64.7,92.1,17.5,5.86,-137,2.68,14,152,3.13,NA,57
241,2557994,DOnta Foreman,CAR,RB,33.9,62,93.2,18.7,5.89,-140,3.02,14,151,2.09,NA,58
242,2552559,C.J. Uzomah,NYJ,TE,43.9,61.1,78.5,7.94,5.2,0.828,0.362,9,150,1.97,Q,28
243,2558832,Mo Alie-Cox,IND,TE,51.7,60.8,70.6,9.74,6.36,0.466,0.466,9,NA,2.52,NA,29
244,2566130,Brevin Jordan,HOU,TE,46.2,60.3,77.7,13.8,6.86,0,0.611,9,175,1.64,NA,30
245,2564703,Adam Trautman,NO,TE,44.7,59.7,75.9,9.95,6.1,-0.611,12.7,10,NA,1.53,NA,31
246,2550512,Damien Williams,ATL,RB,27.3,59,90.8,14.7,5.75,-143,0.94,14,184,1.54,NA,59
247,2565926,Khalil Herbert,CHI,RB,42.4,58,72,10.6,5.46,-144,3.77,14,154,2.23,NA,60
248,2565899,Chuba Hubbard,CAR,RB,37.7,54.3,89.2,19.1,6.81,-148,0.294,14,150,1.5,NA,61
249,2560938,Jeffery Wilson,SF,RB,21.4,54,86.6,53.7,13.3,-148,11.8,15,NA,1.61,NA,62
250,2561027,Tyler Conklin,NYJ,TE,37.9,47,59.7,9.31,5.17,-13.3,NA,NA,NA,2.47,NA,32
251,2567160,Jaret Patterson,WAS,RB,14.5,42.1,69.2,16.3,4.77,-160,0.946,15,104,0.744,NA,63
252,2552453,Tevin Coleman,NYJ,RB,14.5,41.2,72.2,32.2,6.42,-161,NA,NA,NA,2.5,NA,64
253,2556771,Aldrick Rosas,FA,K,19.4,20.3,21.2,1.47,1.17,-137,6.31,9,NA,NA,NA,29
254,2540243,Brett Maher,FA,K,14,14,14,NA,NA,-143,4,10,157,NA,NA,30
255,2562968,Matthew Wright,FA,K,10,10,10,NA,-0.358,-147,6,11,NA,NA,NA,31
256,2562897,Elliott Fry,FA,K,4,4,4,NA,NA,-153,NA,NA,NA,NA,NA,32